memory,type,is_cold,exec_time,connection_time,client_time,provider_time,mem_used
256,cold,True,1667045,0.04999,1968418,1690330,86.0
256,cold,True,1722209,0.037129,2009613,1735190,86.0
256,cold,True,1743231,0.042483,2079943,1765010,86.0
256,cold,True,1804840,0.052196,2143058,1808280,86.0
256,cold,True,1644373,0.05371,2046416,1650980,86.0
256,cold,True,1786134,0.037135,2061082,1806500,86.0
256,cold,True,1676689,0.034248,1939879,1688800,86.0
256,cold,True,1715910,0.039876,2018496,1730980,86.0
256,cold,True,1749636,0.030223,2136608,1753840,86.0
256,cold,True,1715842,0.043096,2047163,1727250,86.0
256,cold,True,1629984,0.03063,1951073,1641290,86.0
256,cold,True,1727260,0.038355,2029740,1738530,86.0
256,cold,True,1717121,0.044591,2049055,1736300,86.0
256,cold,True,1686682,0.034845,1967084,1705140,86.0
256,cold,True,1650065,0.033578,1920141,1664830,86.0
256,cold,True,1727218,0.052424,2038245,1748300,86.0
256,cold,True,1751382,0.05021,2113630,1759360,86.0
256,cold,True,1722565,0.044657,2048906,1726060,86.0
256,cold,True,1773985,0.049956,2098487,1787910,86.0
256,cold,True,1630543,0.036736,1899540,1633690,86.0
256,cold,True,1645423,0.034223,1926580,1660010,86.0
256,cold,True,1635292,0.032378,1951754,1655610,86.0
256,cold,True,1731011,0.03433,2026176,1736110,86.0
256,cold,True,1653305,0.032498,1924543,1660060,86.0
256,cold,True,1632034,0.035857,1965663,1640260,86.0
256,cold,True,1767547,0.039723,2054778,1780510,86.0
256,cold,True,1600015,0.033795,2047247,1603950,86.0
256,cold,True,1603556,0.043727,1866656,1607850,86.0
256,cold,True,1750702,0.052399,2053182,1761020,86.0
256,cold,True,1707760,0.046079,1989099,1716000,86.0
256,cold,True,1690230,0.046643,1978691,1697740,86.0
256,cold,True,1730741,0.0477,2019138,1750780,86.0
256,cold,True,1730675,0.03887,2024837,1749900,86.0
256,cold,True,1638976,0.042138,1952403,1642240,86.0
256,cold,True,1747214,0.042477,2064411,1760620,86.0
256,cold,True,1700649,0.049678,2008122,1708250,86.0
256,cold,True,1714610,0.051704,2050622,1734150,86.0
256,cold,True,1725806,0.049634,2029620,1734320,86.0
256,cold,True,1721245,0.034461,2021314,1725920,86.0
256,cold,True,1607363,0.054447,1909507,1610300,86.0
256,cold,True,1782683,0.051648,2096504,1799350,86.0
256,cold,True,1748144,0.04736,2108401,1767850,86.0
256,cold,True,1602754,0.035767,2046571,1606270,86.0
256,cold,True,1780260,0.050526,2085761,1802820,86.0
256,cold,True,1586444,0.035172,1964317,1605260,86.0
256,cold,True,1611079,0.045077,1885030,1626110,86.0
256,cold,True,1757674,0.041115,2079732,1768430,86.0
256,cold,True,1728240,0.042577,2046161,1731870,86.0
256,cold,True,1675910,0.052266,2046054,1695800,86.0
256,cold,True,1605397,0.052479,2047693,1612110,86.0
128,cold,True,3488248,0.059359,3871623,3531320,86.0
128,cold,True,3317214,0.046349,3613360,3320070,86.0
128,cold,True,3401696,0.061363,3842087,3451680,86.0
128,cold,True,3438941,0.06012,3840603,3459850,86.0
128,cold,True,3384725,0.036885,3727980,3442110,86.0
128,cold,True,3372539,0.036959,3693336,3407850,86.0
128,cold,True,3420655,0.053753,3841167,3460670,86.0
128,cold,True,3423854,0.041889,3710066,3444530,86.0
128,cold,True,3306350,0.047241,3620247,3356600,86.0
128,cold,True,3393735,0.060685,3904939,3414770,86.0
128,cold,True,3212049,0.047741,3508829,3239420,86.0
128,cold,True,3454862,0.028332,3763582,3494330,86.0
128,cold,True,3382801,0.045525,3729573,3398110,86.0
128,cold,True,3368870,0.033766,3688923,3404410,86.0
128,cold,True,3469362,0.045792,3766468,3496330,86.0
128,cold,True,3313239,0.035984,3602427,3316150,86.0
128,cold,True,3422274,0.04376,3755083,3442760,86.0
128,cold,True,3429560,0.042724,3730698,3450330,86.0
128,cold,True,3469171,0.056023,3843721,3509590,86.0
128,cold,True,3413645,0.038578,3719599,3433060,86.0
128,cold,True,3122358,0.029715,3545192,3162300,86.0
128,cold,True,3509368,0.04799,3818079,3555530,86.0
128,cold,True,3468923,0.049096,3836833,3489780,86.0
128,cold,True,3385490,0.045908,3720114,3420820,86.0
128,cold,True,3371790,0.048648,3688678,3420880,86.0
128,cold,True,3496673,0.034442,3809880,3536080,86.0
128,cold,True,3471874,0.045712,3803604,3514650,86.0
128,cold,True,3406332,0.035402,3782586,3425730,86.0
128,cold,True,3097801,0.047759,3404039,3121050,86.0
128,cold,True,3434096,0.047445,3748689,3437080,86.0
128,cold,True,3181209,0.043189,3617225,3201910,86.0
128,cold,True,3333968,0.030565,3628876,3380400,86.0
128,cold,True,3173060,0.034667,3617314,3196980,86.0
128,cold,True,3408197,0.043534,3744965,3410570,86.0
128,cold,True,3529647,0.038184,3843188,3564140,86.0
128,cold,True,3421123,0.048569,3713929,3425030,86.0
128,cold,True,3444601,0.029053,3749775,3464220,86.0
128,cold,True,3419217,0.068894,3843276,3464550,86.0
128,cold,True,3402674,0.054594,3841744,3418700,86.0
128,cold,True,3367374,0.04302,3656887,3386120,86.0
128,cold,True,3491475,0.030577,3783129,3512530,86.0
128,cold,True,3301489,0.032932,3594751,3344620,86.0
128,cold,True,3401827,0.05995,3837829,3441980,86.0
128,cold,True,3414130,0.035011,3762199,3461740,86.0
128,cold,True,3318568,0.03773,3610884,3339230,86.0
128,cold,True,3431235,0.028019,3730397,3471050,86.0
128,cold,True,3476356,0.046207,3821977,3515670,86.0
128,cold,True,3497656,0.04711,3835426,3537240,86.0
128,cold,True,3374718,0.034249,3647001,3414720,86.0
128,cold,True,3403428,0.054502,3842293,3423390,86.0
2048,cold,True,277852,0.049581,561050,280650,86.0
2048,cold,True,296439,0.033714,613548,299540,86.0
2048,cold,True,296540,0.052741,577945,298610,86.0
2048,cold,True,294513,0.04776,658902,297660,86.0
2048,cold,True,352959,0.040968,640039,355140,86.0
2048,cold,True,310104,0.034128,597797,313270,86.0
2048,cold,True,303755,0.03328,623818,306690,86.0
2048,cold,True,325440,0.049671,620970,328600,86.0
2048,cold,True,347158,0.040389,686893,350490,86.0
2048,cold,True,318005,0.051994,601843,321260,86.0
2048,cold,True,301429,0.028157,561953,304560,86.0
2048,cold,True,325772,0.032459,599809,329050,86.0
2048,cold,True,279998,0.042151,534533,282880,86.0
2048,cold,True,289447,0.035409,539474,292300,86.0
2048,cold,True,309631,0.034995,614969,312800,86.0
2048,cold,True,338751,0.030047,606230,341240,86.0
2048,cold,True,318844,0.029198,582990,321100,86.0
2048,cold,True,317198,0.032687,638464,320070,86.0
2048,cold,True,305449,0.02931,599850,308670,86.0
2048,cold,True,307315,0.053534,634574,312100,86.0
2048,cold,True,320025,0.041065,613943,322950,86.0
2048,cold,True,330739,0.035565,634893,332720,86.0
2048,cold,True,326558,0.048206,585025,329330,86.0
2048,cold,True,269092,0.032209,612283,271930,86.0
2048,cold,True,266270,0.037779,521888,269060,86.0
2048,cold,True,308392,0.040399,647952,311850,86.0
2048,cold,True,328051,0.055396,632803,331520,86.0
2048,cold,True,331004,0.040001,657215,334240,86.0
2048,cold,True,305572,0.053475,607094,308140,86.0
2048,cold,True,301099,0.050609,644633,304940,86.0
2048,cold,True,323920,0.049513,615955,326840,86.0
2048,cold,True,302323,0.031538,565224,305560,86.0
2048,cold,True,282214,0.038849,605084,285110,86.0
2048,cold,True,320032,0.041911,560759,322280,86.0
2048,cold,True,337657,0.031916,680639,339580,86.0
2048,cold,True,330568,0.048512,655380,333510,86.0
2048,cold,True,308605,0.023569,536813,310460,86.0
2048,cold,True,316068,0.048773,592929,318880,86.0
2048,cold,True,340394,0.042889,633943,343080,86.0
2048,cold,True,298143,0.047157,582569,300660,86.0
2048,cold,True,311130,0.063659,602104,314060,86.0
2048,cold,True,339322,0.053288,606464,342120,86.0
2048,cold,True,281137,0.046446,542684,284040,86.0
2048,cold,True,322938,0.027294,607350,325360,86.0
2048,cold,True,307104,0.046178,592642,309410,86.0
2048,cold,True,304158,0.039034,537814,307010,86.0
2048,cold,True,313954,0.057715,588722,316740,86.0
2048,cold,True,328103,0.039826,624588,331050,86.0
2048,cold,True,264513,0.051549,545644,267490,86.0
2048,cold,True,340373,0.049627,659831,343630,86.0
512,warm,False,699764,0.033292,902546,701650,93.0
512,warm,False,694599,0.038134,754847,696380,87.0
512,warm,False,716209,0.056682,842575,717750,93.0
512,warm,False,715820,0.039453,935188,717940,93.0
512,warm,False,721431,0.054537,846541,722590,93.0
512,warm,False,718920,0.046667,846518,720870,93.0
512,warm,False,710570,0.034076,761756,712350,92.0
512,warm,False,678533,0.038139,900074,679660,93.0
512,warm,False,687879,0.042695,935711,689600,93.0
512,warm,False,720259,0.026424,769078,721580,93.0
512,warm,False,728286,0.034549,778845,729610,92.0
512,warm,False,703039,0.038232,935490,704370,93.0
512,warm,False,750639,0.045984,841934,752650,93.0
512,warm,False,717856,0.027996,762876,719670,93.0
512,warm,False,703458,0.032055,902229,704850,93.0
512,warm,False,679435,0.048926,933665,681580,94.0
512,warm,False,714877,0.047058,905219,716820,92.0
512,warm,False,677310,0.041804,901011,679020,93.0
512,warm,False,759736,0.043968,845086,761410,93.0
512,warm,False,738301,0.039748,934071,740680,93.0
512,warm,False,691168,0.031035,934577,692530,93.0
512,warm,False,686431,0.054488,845130,687570,93.0
512,warm,False,697853,0.057684,839914,699550,87.0
512,warm,False,731892,0.028657,781000,733390,93.0
512,warm,False,696956,0.041021,902720,698580,93.0
512,warm,False,735062,0.036498,790309,736430,93.0
512,warm,False,717818,0.038877,902733,719210,93.0
512,warm,False,757935,0.044666,846350,759900,92.0
512,warm,False,714856,0.039611,904350,716960,93.0
512,warm,False,743768,0.053522,841248,745700,93.0
512,warm,False,705158,0.066823,844367,706980,93.0
512,warm,False,730465,0.041753,842822,732540,92.0
512,warm,False,701720,0.040394,937044,703960,93.0
512,warm,False,719655,0.034202,902465,721870,93.0
512,warm,False,690052,0.038128,744978,691220,93.0
512,warm,False,716258,0.056337,839979,717920,92.0
512,warm,False,725203,0.063564,845520,726190,93.0
512,warm,False,663198,0.034415,725651,665290,92.0
512,warm,False,731893,0.028322,780780,733180,92.0
512,warm,False,715229,0.048931,845250,716540,93.0
512,warm,False,718450,0.028946,933666,719550,93.0
512,warm,False,729778,0.029864,937437,732000,93.0
512,warm,False,738089,0.054874,842584,740080,92.0
512,warm,False,691447,0.046202,842685,693500,87.0
512,warm,False,702972,0.040973,903829,704920,93.0
512,warm,False,709669,0.059754,844404,711070,93.0
512,warm,False,697323,0.052215,839373,699010,92.0
512,warm,False,726614,0.055229,845097,728710,93.0
512,warm,False,751246,0.035593,932281,753310,93.0
512,warm,False,664545,0.047808,843293,666010,93.0
1024,cold,True,466941,0.02788,778221,469030,86.0
1024,cold,True,472057,0.053955,767055,474340,86.0
1024,cold,True,473304,0.036592,769219,475960,86.0
1024,cold,True,462810,0.033341,709793,465560,86.0
1024,cold,True,486737,0.043918,739308,488780,86.0
1024,cold,True,467696,0.054736,786251,470140,86.0
1024,cold,True,485216,0.0269,784782,487480,86.0
1024,cold,True,525472,0.046554,780066,528160,86.0
1024,cold,True,443199,0.05527,849478,446330,86.0
1024,cold,True,502745,0.039482,837264,507990,86.0
1024,cold,True,475771,0.03016,771148,478270,86.0
1024,cold,True,456432,0.034833,770954,458790,86.0
1024,cold,True,482532,0.053456,788695,485910,86.0
1024,cold,True,466130,0.045061,769964,468900,86.0
1024,cold,True,480419,0.030417,785809,483640,86.0
1024,cold,True,470159,0.04715,783688,472770,86.0
1024,cold,True,437192,0.036069,779083,440180,86.0
1024,cold,True,473821,0.035181,794403,476500,86.0
1024,cold,True,457197,0.03267,724287,460490,86.0
1024,cold,True,465910,0.04782,756664,469270,86.0
1024,cold,True,491067,0.043485,740772,493220,86.0
1024,cold,True,547177,0.033682,843364,550130,86.0
1024,cold,True,479170,0.029872,786513,481960,86.0
1024,cold,True,471634,0.032716,777240,475060,86.0
1024,cold,True,475837,0.042946,769419,487970,86.0
1024,cold,True,486601,0.036561,780008,488920,86.0
1024,cold,True,483744,0.046559,786565,486940,86.0
1024,cold,True,484172,0.042388,767845,487460,86.0
1024,cold,True,503718,0.049196,820966,507380,86.0
1024,cold,True,508110,0.045363,827393,511280,86.0
1024,cold,True,466717,0.046956,801950,469390,86.0
1024,cold,True,482643,0.047164,771379,485320,86.0
1024,cold,True,459230,0.052191,793620,462600,86.0
1024,cold,True,461032,0.028176,777217,463800,86.0
1024,cold,True,471499,0.033159,783935,474830,86.0
1024,cold,True,476234,0.037468,885221,479120,86.0
1024,cold,True,486429,0.03299,767954,489690,86.0
1024,cold,True,480272,0.045811,808270,483380,86.0
1024,cold,True,484897,0.048551,812789,487950,86.0
1024,cold,True,488280,0.027264,769024,490870,86.0
1024,cold,True,502232,0.034762,826361,505570,86.0
1024,cold,True,466193,0.036371,769902,468460,86.0
1024,cold,True,471104,0.041607,769930,481190,86.0
1024,cold,True,455615,0.040559,770289,458870,86.0
1024,cold,True,463518,0.047857,785843,466730,86.0
1024,cold,True,473913,0.036299,779614,476690,86.0
1024,cold,True,455725,0.034423,711210,458830,86.0
1024,cold,True,473120,0.032604,769677,475600,86.0
1024,cold,True,452795,0.031719,783952,455910,86.0
1024,cold,True,435165,0.03659,778360,438410,86.0
2048,warm,False,275193,0.029597,417307,0,
2048,warm,False,277194,0.037332,493911,279480,93.0
2048,warm,False,256479,0.029444,416936,0,
2048,warm,False,265421,0.041631,435969,0,
2048,warm,False,262619,0.056118,366939,0,
2048,warm,False,269165,0.061271,377921,0,
2048,warm,False,235401,0.063717,347816,0,
2048,warm,False,284001,0.030357,418191,0,
2048,warm,False,269262,0.043421,490177,0,
2048,warm,False,298735,0.030523,351670,300430,87.0
2048,warm,False,279876,0.040312,435250,0,
2048,warm,False,240284,0.049116,489713,242140,87.0
2048,warm,False,311517,0.023652,416353,0,
2048,warm,False,273575,0.030544,418777,0,
2048,warm,False,267745,0.039492,327184,0,
2048,warm,False,270320,0.029763,416945,0,
2048,warm,False,279554,0.041859,338817,281750,92.0
2048,warm,False,299416,0.045278,492178,0,
2048,warm,False,268993,0.052895,375035,0,
2048,warm,False,265075,0.024338,419383,0,
2048,warm,False,266736,0.037598,490508,268290,92.0
2048,warm,False,258737,0.048122,437197,0,
2048,warm,False,232416,0.050359,434705,234770,93.0
2048,warm,False,271381,0.033937,436043,0,
2048,warm,False,317508,0.048237,384515,319560,92.0
2048,warm,False,254342,0.023167,416246,0,
2048,warm,False,237217,0.035452,417108,0,
2048,warm,False,280372,0.040258,435316,282160,87.0
2048,warm,False,239756,0.049189,490583,241870,92.0
2048,warm,False,248119,0.050364,319370,250400,92.0
2048,warm,False,313974,0.037418,373107,0,
2048,warm,False,276577,0.041137,435455,0,
2048,warm,False,300691,0.048721,438858,0,
2048,warm,False,275405,0.054948,376118,0,
2048,warm,False,293346,0.049623,436117,0,
2048,warm,False,268618,0.06278,382251,0,
2048,warm,False,263193,0.054568,489574,265150,87.0
2048,warm,False,235863,0.032159,289642,237830,87.0
2048,warm,False,270456,0.035073,436229,0,
2048,warm,False,258602,0.032843,312562,260190,87.0
2048,warm,False,275405,0.046777,339799,277370,87.0
2048,warm,False,289260,0.046442,489899,0,
2048,warm,False,271468,0.035323,493273,273070,92.0
2048,warm,False,258270,0.059251,363801,0,
2048,warm,False,268741,0.031992,419854,0,
2048,warm,False,346092,0.056892,454427,0,
2048,warm,False,242827,0.049281,313717,244590,87.0
2048,warm,False,249939,0.064804,366791,0,
2048,warm,False,284542,0.047666,490535,285690,87.0
2048,warm,False,290843,0.06525,404023,291970,93.0
256,warm,False,1437929,0.048971,1577373,1454710,93.0
256,warm,False,1462042,0.036036,1669405,1481990,92.0
256,warm,False,1323374,0.047569,1394577,1329200,93.0
256,warm,False,1390343,0.035669,1458434,1404500,93.0
256,warm,False,1431274,0.040682,1577033,1446520,93.0
256,warm,False,1416097,0.050996,1486566,1419890,93.0
256,warm,False,1417654,0.047055,1579661,1435850,92.0
256,warm,False,1399164,0.046949,1673439,1416830,92.0
256,warm,False,1388450,0.053403,1576955,1403060,93.0
256,warm,False,1289069,0.050013,1360217,1297540,93.0
256,warm,False,1331208,0.046719,1668759,1349260,87.0
256,warm,False,1374760,0.046382,1462322,1397330,93.0
256,warm,False,1391567,0.050125,1645279,1413850,93.0
256,warm,False,1387329,0.053735,1577623,1402770,87.0
256,warm,False,1403473,0.031129,1456785,1410130,93.0
256,warm,False,1339159,0.049911,1410781,1349130,93.0
256,warm,False,1388719,0.036205,1445466,1407070,93.0
256,warm,False,1426422,0.046141,1669271,1437000,92.0
256,warm,False,1427542,0.03595,1484918,1429950,93.0
256,warm,False,1354347,0.04973,1421871,1365900,93.0
256,warm,False,1386703,0.046405,1648271,1404150,93.0
256,warm,False,1402976,0.037972,1459369,1422620,93.0
256,warm,False,1325606,0.05148,1646560,1343900,93.0
256,warm,False,1366263,0.028967,1434654,1383620,92.0
256,warm,False,1467734,0.034889,1645824,1481150,93.0
256,warm,False,1329788,0.051927,1577784,1333330,93.0
256,warm,False,1349307,0.052877,1648644,1350470,93.0
256,warm,False,1305074,0.046413,1667786,1306460,93.0
256,warm,False,1422743,0.033789,1578574,1442390,92.0
256,warm,False,1455184,0.046995,1647342,1456510,93.0
256,warm,False,1345584,0.055853,1420171,1363640,87.0
256,warm,False,1399438,0.036282,1668741,1409560,87.0
256,warm,False,1364116,0.056295,1669785,1365400,87.0
256,warm,False,1442754,0.043821,1578009,1457600,92.0
256,warm,False,1485518,0.035396,1669966,1499510,87.0
256,warm,False,1399203,0.039177,1459515,1400470,93.0
256,warm,False,1482591,0.036989,1648990,1484090,87.0
256,warm,False,1430545,0.035167,1666936,1444740,92.0
256,warm,False,1330753,0.051351,1402137,1335870,93.0
256,warm,False,1492405,0.031318,1544811,1499580,87.0
256,warm,False,1280570,0.055476,1574398,1298370,93.0
256,warm,False,1481761,0.044061,1546875,1486410,93.0
256,warm,False,1342555,0.037787,1648574,1357620,87.0
256,warm,False,1298337,0.053311,1372781,1300220,93.0
256,warm,False,1437581,0.048075,1670759,1439650,87.0
256,warm,False,1541232,0.033416,1593729,1543560,87.0
256,warm,False,1431140,0.044882,1649498,1443060,93.0
256,warm,False,1462506,0.036875,1519580,1483530,87.0
256,warm,False,1303495,0.054398,1645373,1305680,93.0
256,warm,False,1423227,0.048271,1494209,1442240,87.0
128,warm,False,2861438,0.035896,2918881,2902260,93.0
128,warm,False,2635255,5.048342,7830396,2670410,92.0
128,warm,False,2791308,0.035826,2849538,2844600,92.0
128,warm,False,2821241,5.038084,7885905,2842200,92.0
128,warm,False,2761404,5.046864,7837213,2780980,92.0
128,warm,False,2825062,0.02851,2888619,2863750,92.0
128,warm,False,2616698,0.034596,2831685,2653800,93.0
128,warm,False,2566386,0.036731,2698060,2608650,93.0
128,warm,False,2887246,0.045026,2994695,2944340,92.0
128,warm,False,2584694,0.049065,2751697,2625020,87.0
128,warm,False,2636563,0.056301,2825308,2673700,93.0
128,warm,False,2907972,0.032782,2964050,2946740,87.0
128,warm,False,2671103,0.051197,2822868,2673360,93.0
128,warm,False,2587987,0.035697,2698885,2620910,87.0
128,warm,False,2562750,0.053245,2821672,2593740,93.0
128,warm,False,2714538,5.04797,7830050,2734710,87.0
128,warm,False,2845522,0.043688,2955356,2895320,92.0
128,warm,False,2843796,0.057533,3034720,2863050,93.0
128,warm,False,2862736,0.027122,2916000,2883360,93.0
128,warm,False,2967375,0.032224,3020236,2987970,92.0
128,warm,False,2858640,0.04256,2919193,2897890,92.0
128,warm,False,2845911,5.046461,7918437,2904740,93.0
128,warm,False,2959120,0.030802,3012643,2999430,92.0
128,warm,False,2620647,0.034939,2697623,2640960,92.0
128,warm,False,2879072,0.03631,2933792,2898530,92.0
128,warm,False,2550289,0.035479,2830629,2561230,93.0
128,warm,False,2806553,5.036288,7878871,2836260,92.0
128,warm,False,2891119,0.032679,2971718,2925270,93.0
128,warm,False,2599054,0.044325,2832838,2619160,87.0
128,warm,False,2804196,0.046378,2867758,2822970,92.0
128,warm,False,2694833,0.035488,2764220,2714140,93.0
128,warm,False,2639541,0.045501,2750534,2678560,92.0
128,warm,False,2822672,0.04292,2920378,2860950,92.0
128,warm,False,2840825,5.038605,7899059,2875450,92.0
128,warm,False,2829757,0.035302,2885210,2868820,92.0
128,warm,False,2533702,0.050756,2822032,2571770,87.0
128,warm,False,2646545,0.042499,2832954,2684590,93.0
128,warm,False,2881128,0.055624,3036583,2900210,92.0
128,warm,False,2891182,0.028042,2975056,2928860,93.0
128,warm,False,2869213,0.034251,2936082,2870810,92.0
128,warm,False,2899819,0.029031,2947242,2919900,93.0
128,warm,False,2882117,5.037574,7945566,2902300,93.0
128,warm,False,2788355,0.040352,2847342,2808190,93.0
128,warm,False,2901185,0.027928,2949101,2920600,93.0
128,warm,False,2899187,0.037402,2955231,2949300,93.0
128,warm,False,2866362,0.035421,2922296,2867810,93.0
128,warm,False,2804116,0.037183,2861750,2823790,92.0
128,warm,False,2720304,0.046864,2791592,2770690,87.0
128,warm,False,2855063,0.047438,2922037,2875010,93.0
128,warm,False,2649946,0.051607,2750291,2669430,92.0
1024,warm,False,382863,0.039854,547837,384030,93.0
1024,warm,False,392094,0.029271,526590,393630,92.0
1024,warm,False,438949,0.029957,643508,441140,87.0
1024,warm,False,455096,0.044555,527806,457360,92.0
1024,warm,False,410813,0.034881,528629,412130,93.0
1024,warm,False,396139,0.033129,549229,397290,93.0
1024,warm,False,378434,0.038258,549123,380030,93.0
1024,warm,False,389425,0.038216,641210,391290,93.0
1024,warm,False,401283,0.036297,550320,403320,87.0
1024,warm,False,400556,0.039374,525920,402190,87.0
1024,warm,False,408317,0.027615,529783,410570,87.0
1024,warm,False,394817,0.048566,529952,396910,87.0
1024,warm,False,415285,0.040497,643054,416350,92.0
1024,warm,False,381823,0.03841,548683,384310,93.0
1024,warm,False,417258,0.036112,641024,419310,87.0
1024,warm,False,453142,0.03238,527435,454690,93.0
1024,warm,False,359502,0.037083,545639,361790,93.0
1024,warm,False,385294,0.039434,549942,386370,92.0
1024,warm,False,422235,0.037877,547947,424250,93.0
1024,warm,False,378227,0.043569,641364,379900,87.0
1024,warm,False,401140,0.035932,553658,403080,87.0
1024,warm,False,456604,0.036809,645975,458690,93.0
1024,warm,False,417847,0.027794,526028,419870,93.0
1024,warm,False,414874,0.039735,526616,416600,87.0
1024,warm,False,374952,0.037414,527152,376150,92.0
1024,warm,False,394069,0.035538,641926,396050,92.0
1024,warm,False,405858,0.026119,526508,407850,93.0
1024,warm,False,396979,0.03595,550959,398580,87.0
1024,warm,False,396944,0.029774,551174,398840,87.0
1024,warm,False,363385,0.039726,526762,382060,93.0
1024,warm,False,399414,0.032132,526786,401340,87.0
1024,warm,False,471641,0.035033,526756,473020,93.0
1024,warm,False,426948,0.037961,646979,428100,93.0
1024,warm,False,410022,0.037504,550138,411690,87.0
1024,warm,False,406107,0.043481,527152,407820,87.0
1024,warm,False,402570,0.035521,526758,404350,93.0
1024,warm,False,390516,0.029394,525751,392110,87.0
1024,warm,False,395507,0.031025,551432,396840,93.0
1024,warm,False,443116,0.029422,527874,444410,87.0
1024,warm,False,413445,0.028586,546644,415390,93.0
1024,warm,False,426750,0.036836,546971,429380,93.0
1024,warm,False,402879,0.028808,641378,404660,93.0
1024,warm,False,382678,0.036461,549281,384470,87.0
1024,warm,False,380965,0.028244,639825,382830,93.0
1024,warm,False,420620,0.04422,528858,422720,92.0
1024,warm,False,392600,0.037379,527424,394270,93.0
1024,warm,False,408493,0.034261,550472,409910,87.0
1024,warm,False,411126,0.02938,548949,412690,93.0
1024,warm,False,408176,0.030719,552094,410000,92.0
1024,warm,False,418306,0.03613,549980,420350,87.0
512,cold,True,894540,0.048734,1256101,897210,86.0
512,cold,True,826737,0.036699,1376131,829540,86.0
512,cold,True,880582,0.048067,1182595,883370,86.0
512,cold,True,863067,0.051888,1188470,866290,86.0
512,cold,True,873388,0.045649,1377949,876220,86.0
512,cold,True,877989,0.052,1376863,881340,86.0
512,cold,True,833795,0.0343,1376496,836480,86.0
512,cold,True,871652,0.043638,1166607,875030,86.0
512,cold,True,854204,0.037978,1127248,857110,86.0
512,cold,True,890512,0.034846,1171644,893010,86.0
512,cold,True,850505,0.040229,1169787,852860,86.0
512,cold,True,806205,0.05781,1290482,809160,86.0
512,cold,True,821214,0.036865,1252786,823870,86.0
512,cold,True,848894,0.056804,1295817,852110,86.0
512,cold,True,916461,0.053221,1242019,919690,86.0
512,cold,True,880683,0.054733,1257331,883910,86.0
512,cold,True,876782,0.042564,1293761,880240,86.0
512,cold,True,897680,0.052781,1268268,901170,86.0
512,cold,True,911916,0.047095,1206303,915440,86.0
512,cold,True,875152,0.04731,1213963,878700,86.0
512,cold,True,837021,0.049455,1377333,839380,86.0
512,cold,True,869226,0.062878,1295734,872460,86.0
512,cold,True,912340,0.045077,1380197,915850,86.0
512,cold,True,894274,0.033935,1179106,896620,86.0
512,cold,True,901047,0.062212,1292071,904210,86.0
512,cold,True,870938,0.058162,1254991,873540,86.0
512,cold,True,832030,0.044525,1089157,834130,86.0
512,cold,True,836693,0.041037,1090853,839060,86.0
512,cold,True,866689,0.03849,1256591,869500,86.0
512,cold,True,894443,0.054785,1379375,898000,86.0
512,cold,True,844907,0.047426,1376109,847440,86.0
512,cold,True,881792,0.041302,1164777,884370,86.0
512,cold,True,888592,0.034584,1170849,892100,86.0
512,cold,True,831327,0.042561,1169873,834120,86.0
512,cold,True,819337,0.03566,1380214,821430,86.0
512,cold,True,824405,0.036222,1377711,827130,86.0
512,cold,True,880849,0.048847,1190413,883290,86.0
512,cold,True,886486,0.051119,1254477,889610,86.0
512,cold,True,870698,0.036788,1174585,873790,86.0
512,cold,True,877717,0.045312,1293975,880420,86.0
512,cold,True,900882,0.040291,1293548,903070,86.0
512,cold,True,863477,0.062571,1295550,867030,86.0
512,cold,True,908437,0.055513,1295448,910980,86.0
512,cold,True,828815,0.036757,1253966,831680,86.0
512,cold,True,814391,0.047167,1256497,816440,86.0
512,cold,True,883971,0.047109,1183302,887320,86.0
512,cold,True,843644,0.038816,1100362,846420,86.0
512,cold,True,885385,0.043527,1273772,888600,86.0
512,cold,True,890958,0.036205,1253184,894130,86.0
512,cold,True,880038,0.051319,1296873,882520,86.0
